variant,rsid,PvalPRISM,FullPleio,SynthPleio,PvalGWAS
1:20171514:T:G,rs10737481,0.000775158474743432,U:20002_1223:21001_irnt:23106_irnt:1458:30130_irnt:30160:6155_100,Confounder Pleiotropy,6.1058e-10
1:20171860:G:A,rs6426833,0.000775158474743432,U:20002_1223:21001_irnt:23106_irnt:1458:30130_irnt:30160:6155_100,Confounder Pleiotropy,6.04087e-10
1:20173858:T:C,rs10737482,1.30642400179501e-06,U:20002_1223:20116_0:21001_irnt:23106_irnt:1200:1458:1558:30890_irnt:6155_100,Confounder Pleiotropy,1.32577e-10
