variant,PvalPleioVar,FullPleio,SynthPleio,PvalGWAS
1:20171514:T:G,1.27226129003863e-06,U:20002_1223:21001_irnt:23106_irnt:1458:30130_irnt:30160,Detected Network Pleiotropy,6.1058e-10
1:20171860:G:A,1.2294195563536e-06,U:20002_1223:21001_irnt:23106_irnt:1458:30130_irnt:30160,Detected Network Pleiotropy,6.04087e-10
1:20173858:T:C,6.28492339909512e-08,U:20002_1223:20116_0:21001_irnt:23106_irnt:1200:1458:1558:30890_irnt,Detected Network Pleiotropy,1.32577e-10
